model,rougeL_f_mean,bert_precision_mean,bert_recall_mean,bert_f1_mean,repetition_ratio_mean,rougeL_f_std,bert_precision_std,bert_recall_std,bert_f1_std,repetition_ratio_std,rougeL_f_median,bert_precision_median,bert_recall_median,bert_f1_median,repetition_ratio_median
base,0.3294771451847822,0.8895334967903334,0.9201642215059028,0.9043485337090724,0.4276314235411287,0.0614192933721062,0.028310856942211,0.0092235812001064,0.0155794116576385,0.0367199242453228,0.3355704697986577,0.8885043263435364,0.9205986261367798,0.9043151140213012,0.4261603375527426
fine_tuned,0.5228422914151614,0.9293619481105247,0.9376814245791882,0.9333837244502936,0.3697610290265452,0.1370385793727403,0.0196838988689178,0.0203445945924752,0.0170369749458317,0.0742501564808295,0.4989059080962801,0.9325568675994872,0.9343522787094116,0.933146059513092,0.3770491803278688
