model,rougeL_f_mean,bert_precision_mean,bert_recall_mean,bert_f1_mean,repetition_ratio_mean,rougeL_f_std,bert_precision_std,bert_recall_std,bert_f1_std,repetition_ratio_std
base,0.3143679378916034,0.8842039019467154,0.9196792709451692,0.9013214738116223,0.4282253913894293,0.0721936153795583,0.03063202744980493,0.009956908478042951,0.017236276051917424,0.037246527813331334
fine_tuned,0.5188970823223441,0.9266420913630707,0.939011920489008,0.932643420545966,0.36145704097118836,0.14919129512350163,0.021785309850044406,0.02158579087536195,0.01840355724958492,0.07532477562615945
