model,rougeL_f_mean,bert_precision_mean,bert_recall_mean,bert_f1_mean,repetition_ratio_mean,rougeL_f_std,bert_precision_std,bert_recall_std,bert_f1_std,repetition_ratio_std,rougeL_f_median,bert_precision_median,bert_recall_median,bert_f1_median,repetition_ratio_median
base,0.3550029338746439,0.9044749838113785,0.9187009957432747,0.9113934904336929,0.42867016489383863,0.05068728366607992,0.023298914495424698,0.008302675521867102,0.013730249003255885,0.036366800621366956,0.3578854551561975,0.9131441116333008,0.9194315671920776,0.9146848022937775,0.42729729729729726
fine_tuned,0.5068442632110899,0.9346803298592568,0.9329041436314582,0.9337442100048066,0.3966571385779662,0.09297669921845915,0.014823030608342686,0.015010748269889936,0.013350551651148512,0.05026307502411395,0.49999999999999994,0.9371713995933533,0.9321202039718628,0.9340690076351166,0.3990334347917005
