model,rougeL_f_mean,bert_precision_mean,bert_recall_mean,bert_f1_mean,repetition_ratio_mean,rougeL_f_std,bert_precision_std,bert_recall_std,bert_f1_std,repetition_ratio_std,rougeL_f_median,bert_precision_median,bert_recall_median,bert_f1_median,repetition_ratio_median
base,0.3143679378916034,0.8842039019467154,0.9196792709451692,0.9013214738116224,0.4282253913894293,0.0721936153795583,0.0306320274498049,0.0099569084780429,0.0172362760519174,0.0372465278133313,0.3229461756373937,0.8749441504478455,0.9205292463302612,0.9004762768745422,0.4261603375527426
fine_tuned,0.5188970823223441,0.9266420913630709,0.939011920489008,0.932643420545966,0.3614570409711883,0.1491912951235016,0.0217853098500444,0.0215857908753619,0.0184035572495849,0.0753247756261594,0.4950099800399202,0.930372714996338,0.9355383515357972,0.9327492117881776,0.3644859813084112
